linh_vuc,dataset_name,type_file,link
Y tế sức khỏe,Danh sách cơ sở đủ điều kiện tiêm chủng,XLSX,https://opendata.thanhhoa.gov.vn/dataset/7fa86269-88a0-4b5b-94cf-139bc59b88f7/resource/ec3cbd23-9d94-4290-8121-7086b7151d0a/download/thong-bao-cp-nht-danh-sach-c-s-iu-kin-tiem-chng.xlsx
Y tế sức khỏe,Danh sách cơ sở đủ điều kiện khám sức khỏe,XLSX,https://opendata.thanhhoa.gov.vn/dataset/cfe22427-e0ea-4342-98ae-646e15bf29ad/resource/ba738bc3-2d18-4e30-ab5a-768aa6db1ef6/download/danh-sach-cong-b-c-s-iu-kin-kham-sc-khe.xlsx
Y tế sức khỏe,Danh sách tự công bố đảm bảo cơ sở xét nghiệm an toàn sinh học,XLSX,https://opendata.thanhhoa.gov.vn/dataset/ac34b878-3920-445d-8c27-9bf6eacb8db8/resource/07fafd8d-fea2-4cea-ba34-88dbc214e4ad/download/danh-sach-t-cong-b-m-bo-c-s-xet-nghim-an-toan-sinh-hc.xlsx
Khoa học và công nghệ,Ứng dụng công nghệ thông tin,PDF,https://opendata.thanhhoa.gov.vn/dataset/6198be0a-1947-4f22-aa40-5c1d1a1a53b1/resource/d6f58617-f497-45d8-b7d3-e486363f5e41/download/k-hoch-ng-dng-cntt-2020.pdf
Kinh tế,Quyết toán chi ngân sách cấp tỉnh theo từng lĩnh vực năm 2020,XLS,https://opendata.thanhhoa.gov.vn/dataset/eb2f3716-590e-4ea9-a85f-3086a03ae418/resource/991d50c7-c3de-4007-a919-9cc10cb2205d/download/quyt-toan-chi-ngan-sach-cp-tnh-theo-tng-lnh-vc-nm-2020.xls
Kinh tế,"Quyết toán chi ngân sách địa phương, chi ngân sách cấp tỉnh và chi ngân sách huyện theo cơ cấu chi năm 2020",XLS,https://opendata.thanhhoa.gov.vn/dataset/8fc80dc2-57c3-47b0-96d8-2d9565621c83/resource/698c145d-82cb-4364-85d7-99aaf3736a59/download/quyt-toan-chi-ngan-sach-a-phng-chi-ngan-sach-cp-tnh-va-chi-ngan-sach-huyn-theo-c-cu-chi-nm-2020.xls
Kinh tế,Quyết toán nguồn thu ngân sách nhà nước năm 2019,XLS,https://opendata.thanhhoa.gov.vn/dataset/aa7c899a-f824-4002-89e1-debd29a6dbba/resource/4f360764-5839-470d-9e19-835e8824f6f0/download/quyt-toan-ngun-thu-ngan-sach-nha-nc-nm-2019.xls
Kinh tế,Quyết toán nguồn thu ngân sách nhà nước năm 2020,XLS,https://opendata.thanhhoa.gov.vn/dataset/49085d6c-5a7c-4b83-a51d-112473f30165/resource/8f7b31c4-0d01-4056-af2f-8ee266e2c906/download/quyt-toan-ngun-thu-ngan-sach-nha-nc-nm-2020.xls
Kinh tế,"Quyết toán chi ngân sách cấp tỉnh theo cho từng cơ quan, tổ chức năm 2020",XLS,https://opendata.thanhhoa.gov.vn/dataset/c58edbb3-afab-482b-b62c-99a4dabad339/resource/b6149ee1-56fa-4a7e-a1fb-f6688c787994/download/quyt-toan-chi-ngan-sach-cp-tnh-theo-cho-tng-c-quan-t-chc-nm-2020.xls
Kinh tế,CÂN ĐỐI NGÂN SÁCH ĐỊA PHƯƠNG 3 THÁNG NĂM 2021,XLS,https://opendata.thanhhoa.gov.vn/dataset/6b71f74b-c07e-4c4e-98e8-564d5cca5d2c/resource/8e4f030f-4d67-4930-869c-d4e5cbb60e1a/download/can-i-ngan-sach-a-phng-3-thang-nm-2021.xls
Giao thông vận tải,"Lộ trình, tần suất, giá vé các tuyến xe buýt trên địa bàn tỉnh Thanh Hóa",PDF,https://opendata.thanhhoa.gov.vn/dataset/318f6a4f-753e-4b3f-a623-107b36f42325/resource/13f6df51-058f-4206-a309-a70bbffb59e1/download/xebuyt1.pdf
Kinh tế,Cân đối ngân sách địa phương quý 1 năm 2018,XLS,https://opendata.thanhhoa.gov.vn/dataset/ad3bb322-528b-42f8-88f2-112492d7b742/resource/4fd0198a-38b3-441e-8e9f-3295e2b456ba/download/can-i-ngan-sach-a-phng-quy-1-nm-2018.xls
Xây dựng,Phê duyệt kết quả kỳ thi sát hạch cấp chứng chỉ hành nghề môi giới bất động sản năm 2021,PDF,https://opendata.thanhhoa.gov.vn/dataset/b15408a1-8ff3-497d-aa06-75f3452d74be/resource/3a6f6920-266f-40a5-b0fa-71bafcae3887/download/phe-duyt-kt-qu-k-thi-sat-hch-cp-chng-ch-hanh-ngh-mo-gii-bt-ng-sn-nm-2021_compressed.pdf
Xây dựng,"Thông báo danh sách các đối tượng dự kiến được mua, thuê, thuê mua nhà ở xã hội tại Dự án Nhà ở xã hội phường Đông Hương, thành phố Thanh Hóa (Đợt 6)",PDF,https://opendata.thanhhoa.gov.vn/dataset/aa145768-5f08-42ed-8f98-80368681fa06/resource/91eee32d-281d-443b-a4ca-ffb3e95d6973/download/thong-bao-danh-sach-cac-i-tng-d-kin-c-mua-thue-thue-mua-nha-xa-hi-ti-d-an-nha-xa-hi-phng-ong-hng.pdf
Xây dựng,Tập chỉ số giá xây dựng Quý IV năm 2021 trên địa bàn tỉnh Thanh Hóa,PDF,https://opendata.thanhhoa.gov.vn/dataset/2d6022b9-99ee-4e99-8c41-39dfda224a53/resource/3ff2b719-cbe7-4bcf-9ac2-e8181606fbdb/download/ch-s-gia-quy-4-nm-2021.pdf
Xã Hội,CSDL về dân tộc,XLSX,https://opendata.thanhhoa.gov.vn/dataset/41863acd-7f8f-4fd2-82ba-f6d2c467c677/resource/07622da1-7f05-4fca-a616-873175fd3771/download/dan-s-dtts-cp-xa-63-tnh-thanh.xlsx
Xã Hội,Giải quyết hưởng trợ cấp đối với nhà giáo đã nghỉ hưu chưa được hưởng chế độ phụ cấp thâm niên trong lương hưu theo Nghị định số 14/2020/NĐ-CP,DOCX,https://opendata.thanhhoa.gov.vn/dataset/b92ce169-dbb5-4958-830c-c396e52b1bd9/resource/36689aba-bd1f-43c4-89e7-c9da3d413c33/download/gii-quyt-hng-tr-cp.docx
Xã Hội,Giải quyết hưởng BHXH một lần,DOCX,https://opendata.thanhhoa.gov.vn/dataset/159cc6b0-32e7-4025-a1df-ffc178801bdd/resource/07e9b41f-dc00-4482-b3cd-3b3aceef61bd/download/gii-quyt-hng-bhxh-mt-ln.docx
Xã Hội,CSDL về công tác dân tộc trên địa bàn tỉnh Thanh Hóa,XLS,https://opendata.thanhhoa.gov.vn/dataset/92ec154c-0ff1-44de-a799-c51485276431/resource/815600b4-cf2e-446e-ba5e-507c8d7f7009/download/s-lng-t-l-cac-thon-bn-vung-dan-tc-thiu-s-a-co-ng-giao-thong-c-u-t-nang-cp-ci-to-xay-dng-mi-nm-20.xls
Xã Hội,CSDL về công tác dân tộc trên địa bàn tỉnh Thanh Hóa,XLS,https://opendata.thanhhoa.gov.vn/dataset/92ec154c-0ff1-44de-a799-c51485276431/resource/8e7edb7d-eb6f-48d1-af7a-0460fee403ab/download/danh-sach-h-ngheo-va-h-cn-ngheo-ngi-dan-tc-thiu-s-nm-2020.xls
Xã Hội,Thanh toán chế độ ốm đau đối với người lao động điều trị Covid-19,PDF,https://opendata.thanhhoa.gov.vn/dataset/c233d7e8-824d-4609-b584-116a0081900b/resource/7200c065-2af2-4c4b-8ec7-e7019ce2308e/download/199_vv-h-s-thanh-toan-m-covid.pdf
Xã Hội,"Danh sách 74 huyện nghèo và 54 xã đặc biệt khó khăn vùng bãi ngang, ven biển và hải đảo giai đoạn 2021-2025",DOCX,https://opendata.thanhhoa.gov.vn/dataset/90311f6a-1c5f-4a4c-b599-36b40aa63c3c/resource/c07ab6a3-4c3d-4148-95f2-9d7b0da6d6b0/download/duyt-danh-sach-74-huyn-ngheo-va-54-xa-c-bit-kho-khn-vung-bai-ngang-ven-bin-va-hi-o-giai-on-2021.docx
Xã Hội,Phối hợp thu hồi trợ cấp thất nghiệp,PDF,https://opendata.thanhhoa.gov.vn/dataset/b6e53cf5-6adf-42ce-8b30-52fc2aeecceb/resource/87a33f78-50a3-45c5-a87d-cb4d697fb72f/download/2022.11.16_cv-2011_bhxh-tnh-khtc_phi-hp-thu-hi-tr-cp-tht-nghip.pdf
Xã Hội,Kết quả triển khai thực hiện các nhiệm vụ được giao tại kế hoạch chuyển đổi số của cơ quan ban dân tộc năm 2021,PDF,https://opendata.thanhhoa.gov.vn/dataset/339487c5-92f0-4f45-996e-b9fb04371fcc/resource/121b33e3-dbd6-4ec1-b7e9-32bf53bea64d/download/chuyn-i-s.pdf
Xã Hội,Kết quả giải quyết thủ tục hành chính quý III/2022,PDF,https://opendata.thanhhoa.gov.vn/dataset/d94cbf6c-a352-40f7-8505-0606ec05f3c8/resource/e9eaa11c-d9b5-4aef-b431-abf18a4aca1c/download/tthc-quiiii.pdf
Xã Hội,Kết quả giải quyết thủ tục hành chính quý IV/2022,PDF,https://opendata.thanhhoa.gov.vn/dataset/9fa86236-b8e2-4d3a-b531-23f08ef598bf/resource/8911f2c0-59ae-4a5f-8c16-f38b2f3bd447/download/th-tc-hanh-chinh-quiiv.pdf
Xã Hội,Kết quả giải quyết thủ tục hành chính quý II/2022,PDF,https://opendata.thanhhoa.gov.vn/dataset/f9e5e589-47a5-4b9f-88f9-007e19beed2c/resource/bb6752e6-987a-4f47-99ec-167ea0f150f8/download/tthc-quiii.pdf
Xã Hội,Danh sách tổ chức hành nghề công chứng trên địa bàn Tỉnh,XLS,https://opendata.thanhhoa.gov.vn/dataset/ad2a7578-9461-44f4-9494-2132c9d25b25/resource/44ad55d2-47a0-475c-9532-7022019b7a41/download/ds-cac-to-chuc-cc.xls
Xã Hội,Danh sách UBND cấp xã đạt chuẩn tiếp cận pháp luật năm 2020,PDF,https://opendata.thanhhoa.gov.vn/dataset/50a6a9e1-c301-491b-98dd-cd898afbe3cf/resource/ce988b5c-66b4-408a-8942-4b36daafe44c/download/ds-chuan-tcpl.pdf
Xã Hội,"Danh sách các xã, phường, thị trấn đạt chuẩn tiếp cận pháp luật năm 2021",DOCX,https://opendata.thanhhoa.gov.vn/dataset/c03659c6-733e-43da-8d3f-9b426c08e897/resource/fcf14d37-9e68-4d99-9a21-cc0f2a289b20/download/danh-sach-cac-xa-dat-chuan-tiep-can-phap-luat-2021.docx
Xã Hội,Danh sách đấu giá viên đăng ký hành nghề trên địa bàn tỉnh Thanh Hóa,XLS,https://opendata.thanhhoa.gov.vn/dataset/48eaeb79-c26e-4ba4-baa7-d2d9aa797caf/resource/f2eb6edb-23b9-4cd0-9e58-e27a616b1413/download/dsdgia.xls
Xã Hội,"Công khai minh bạch trong công tác phòng, chống tham nhũng năm 2021",XLSX,https://opendata.thanhhoa.gov.vn/dataset/2e6fe490-e8c7-4d0e-94a1-d2ee58e8a26d/resource/48b0c8a6-fc62-4ad3-8d00-0d59d2f65338/download/cong-khai-minh-bch-trong-cong-tac-phong-chng-tham-nhng-nm-2021.xlsx
Xã Hội,"Thông báo về việc công bố số đơn vị bầu cử, danh sách các đơn vị bầu cử và số đại biểu được bầu ở mỗi đơn vị bầu cử đại biểu Quốc hội khóa XV và đơn vị bầu cử đại biểu Hội đồng nhân dân tỉnh nhiệm kỳ 2021-2026",PDF,https://opendata.thanhhoa.gov.vn/dataset/5da6ef76-14a6-41d2-9ca4-9d97eeae3367/resource/9ce21fa7-e655-4e5c-a093-24c150243a01/download/thong-bao-v-vic-cong-b-s-n-v-bu-c-danh-sach-cac-n-v-bu-c.pdf
Xã Hội,Lĩnh vực thành lập và hoạt động của doanh nghiệp,XLSX,https://opendata.thanhhoa.gov.vn/dataset/cfa5a36f-c2e1-4740-b421-c6954217455a/resource/57cffa9d-bbff-4919-b5d1-2d562d480e00/download/lnh-vc-thanh-lp-va-hot-ng-ca-doanh-nghip.xlsx
Xã Hội,Thông báo lịch tiếp công dân của Giám đốc Sở Khoa học và Công nghệ năm 2022,PDF,https://opendata.thanhhoa.gov.vn/dataset/ce1847e7-61b4-4a47-8895-51bbe7650e9a/resource/59aa81cc-5459-4d14-84c4-c3731d6556d7/download/1.-tb-lich-truc-tiep-dan-2022.pdf
Giáo dục,Danh sách trường học tại Thành phố Hồ Chí Minh,XLSX,https://opendata.thanhhoa.gov.vn/dataset/86b0b042-b20e-4b6b-b1c2-5c439aed17c7/resource/faf7d973-6811-4fd6-bb42-d5b050701d99/download/s-gdt-h-chi-minh_gdtx.xlsx
Giáo dục,Danh sách trường học tại Thành phố Hồ Chí Minh,XLSX,https://opendata.thanhhoa.gov.vn/dataset/86b0b042-b20e-4b6b-b1c2-5c439aed17c7/resource/703bc229-edeb-431c-8ed0-a238cae550f2/download/s-gdt-h-chi-minh_mn.xlsx
Giáo dục,Danh sách trường học tại Thành phố Hồ Chí Minh,XLSX,https://opendata.thanhhoa.gov.vn/dataset/86b0b042-b20e-4b6b-b1c2-5c439aed17c7/resource/72e1b836-4241-44b2-b3f9-89d979cccdf5/download/s-gdt-h-chi-minh-_th.xlsx
Giáo dục,Danh sách trường học tại Thành phố Hồ Chí Minh,XLSX,https://opendata.thanhhoa.gov.vn/dataset/86b0b042-b20e-4b6b-b1c2-5c439aed17c7/resource/cd80e3d9-5d0b-44ed-9cee-ea102b3ece79/download/s-gdt-h-chi-minh_thcs.xlsx
Giáo dục,Danh sách trường học tại Thành phố Hồ Chí Minh,XLSX,https://opendata.thanhhoa.gov.vn/dataset/86b0b042-b20e-4b6b-b1c2-5c439aed17c7/resource/d8594db0-dc6b-4dc7-9a99-0fd1c18b5b7e/download/s-gdt-h-chi-minh_thpt.xlsx
Giáo dục,Danh sách trường học tại Thành phố Hà Nội,XLSX,https://opendata.thanhhoa.gov.vn/dataset/a371ad01-63f8-4e10-bc83-3f4e0fc098b9/resource/7e0b86a1-2c50-4702-a7c6-514fe87e6ef1/download/s-gdt-ha-ni_gdtx.xlsx
Giáo dục,Danh sách trường học tại Thành phố Hà Nội,XLSX,https://opendata.thanhhoa.gov.vn/dataset/a371ad01-63f8-4e10-bc83-3f4e0fc098b9/resource/e4168a92-3011-4737-83eb-9e8ed011cc6c/download/s-gdt-ha-ni_mn.xlsx
Giáo dục,Danh sách trường học tại Thành phố Hà Nội,XLSX,https://opendata.thanhhoa.gov.vn/dataset/a371ad01-63f8-4e10-bc83-3f4e0fc098b9/resource/319b1bb2-c567-4b73-9582-9fc3008f805c/download/s-gdt-ha-ni_thcs.xlsx
Giáo dục,Danh sách trường học tại Thành phố Hà Nội,XLSX,https://opendata.thanhhoa.gov.vn/dataset/a371ad01-63f8-4e10-bc83-3f4e0fc098b9/resource/61505e4c-a23e-40c7-a8f5-14242617f762/download/s-gdt-ha-ni_thpt.xlsx
Giáo dục,Danh sách trường học tại Thành phố Hà Nội,XLSX,https://opendata.thanhhoa.gov.vn/dataset/a371ad01-63f8-4e10-bc83-3f4e0fc098b9/resource/78e62d95-8d20-48d8-b4ff-ec4366556f8b/download/th.xlsx
Giáo dục,"Thông báo công khai thông tin về các hoạt động nghiên cứu khoa học, chuyển giao công nghệ, sản xuất thử và tư vấn của trường đại học hồng đức năm 2021-2022",PDF,https://opendata.thanhhoa.gov.vn/dataset/0529d57d-2333-4b74-b183-7e5fc6d5b061/resource/c0447af2-8635-4954-a944-7fbab2642125/download/thong-bao-cong-khai-thong-tin-ve-cac-hoat-dong-nghien-cuu-khoa-hoc-cua-truong-dh-hong-duc-nam-20.pdf
Giáo dục,Danh sách trường trung học phổ thông tỉnh Long An năm học 2019-2020,XLSX,https://opendata.thanhhoa.gov.vn/dataset/9f64f289-fc39-4875-adb6-f0f2277d8f1e/resource/6c376f41-c58f-42d8-8ddb-a7e2d26fd1b6/download/s-gdt-long-an_thpt.xlsx
Giáo dục,Thống kê đội ngũ giảng viên năm học 2022-2023,PDF,https://opendata.thanhhoa.gov.vn/dataset/341b081e-e962-4f0b-90fc-c886df119e64/resource/2ea9e246-d256-4de8-974e-96de39ff89c3/download/thng-ke-i-ng-ging-vien-nm-hc-2022-2023.pdf
Xã Hội,Lĩnh vực thành lập và hoạt động của liên hiệp hợp tác xã,XLSX,https://opendata.thanhhoa.gov.vn/dataset/2a870808-34d7-4909-8581-1964f65db948/resource/eb1883cb-24bd-40c7-8b13-0c70115afc1a/download/lnh-vc-thanh-lp-va-hot-ng-ca-lien-hip-hp-tac-xa.xlsx
Giáo dục,Danh sách trường trung học phổ thông tỉnh Nghệ An năm học 2019-2020,XLSX,https://opendata.thanhhoa.gov.vn/dataset/8d18e7b1-24f9-4be6-8be4-9e3994bff921/resource/613d5437-04dd-456b-b509-e60781c7bbf6/download/s-gdt-ngh-an_thpt.xlsx
Giáo dục,Thông tin chất lượng đào tạo thực tế của Trường ĐH Hồng Đức năm học 2021-2022,PDF,https://opendata.thanhhoa.gov.vn/dataset/96c7c329-c00e-4971-b94a-0b1e58078f1d/resource/a128da93-b51a-43b4-b254-1b112eee637f/download/thong-tin-cht-lng-ao-to-thc-t-ca-trng-h-hng-c-nm-hc-2021-2022.pdf
Tài nguyên và môi trường,Danh sách các cống,XLS,https://opendata.thanhhoa.gov.vn/dataset/61586a75-b562-446e-ac38-5339cace6ac0/resource/34dae23f-c240-4ab2-899d-507929d5caef/download/danh-sach-cac-cng.xls
Tài nguyên và môi trường,Danh sách các trạm khí tượng,XLSX,https://opendata.thanhhoa.gov.vn/dataset/ab3a6307-5f76-4268-bb7a-0d777333d2c8/resource/695a4ab5-f11d-4555-9c7d-200d11da6ab7/download/trm-khi-tng.xlsx
Tài nguyên và môi trường,Danh sách các trạm thủy văn,XLSX,https://opendata.thanhhoa.gov.vn/dataset/681ab40c-4812-46d2-882f-29ddec1ec0a3/resource/e63184bb-f42f-4c05-ad7a-41383550ff71/download/trm-thu-vn.xlsx
Tài nguyên và môi trường,Danh sách điểm khai thác,XLS,https://opendata.thanhhoa.gov.vn/dataset/88dd5d36-0237-4343-a5e9-561cd26822b3/resource/6990ac9a-9a2b-4c93-9890-7c3911d45012/download/danh-sanh-im-khai-thac.xls
Tài nguyên và môi trường,Danh sách điểm khai thác,XLS,https://opendata.thanhhoa.gov.vn/dataset/88dd5d36-0237-4343-a5e9-561cd26822b3/resource/5a551b7e-c0aa-4857-936e-cd303f0cd830/download/danh-sanh-im-khai-thac.xls
Tài nguyên và môi trường,Danh sách các hồ tự nhiên trên địa bàn tỉnh Thanh Hóa,XLS,https://opendata.thanhhoa.gov.vn/dataset/b1dddade-f3c3-4787-81c9-f5db4e88eeea/resource/6a76a084-f0bd-43fa-8d6a-ba7139fa24a3/download/danh-sach-cac-h-t-nhien-tren-a-ban-tnh-thanh-hoa.xls
Tài nguyên và môi trường,Danh sách các đập tràn trên sông,XLS,https://opendata.thanhhoa.gov.vn/dataset/b55641e7-4640-4a32-b09d-4174392623a8/resource/8777d930-4137-4517-830e-3f2cc11fc02e/download/bao-cao-ngan-sach-cong-dan-tng-hp-can-i-thu-chi-ngan-sach-tnh-nm-2021.xls
Tài nguyên và môi trường,Danh sách các đập tràn trên sông,XLS,https://opendata.thanhhoa.gov.vn/dataset/b55641e7-4640-4a32-b09d-4174392623a8/resource/8c567551-eb5d-46ee-a347-f27029b79902/download/danh-sach-cac-p-tran-tren-song.xls
Tài nguyên và môi trường,Danh sách các lỗ khoan - giếng,XLS,https://opendata.thanhhoa.gov.vn/dataset/7c4c8301-3bda-46cb-966e-47bb4a91a1f9/resource/20e65599-6fcd-4adc-86ab-6ad3c8f7c889/download/danh-sach-cac-l-khoan-ging.xls
Tài nguyên và môi trường,Thông tin trạm khảo sát môi trường biển,XLSX,https://opendata.thanhhoa.gov.vn/dataset/96f26e9b-0086-4897-902d-4efbfb884482/resource/620b6c07-73c0-43ae-b0ff-ba9076d5b6a1/download/danh-sach-trm-kho-sat-moi-trng-nc-vung-b-bin-thanh-hoa.xlsx
Tài nguyên và môi trường,Danh sách sông suối,XLSX,https://opendata.thanhhoa.gov.vn/dataset/584f3fe5-2cf2-474a-affd-a3fd8a3ddd36/resource/8c3eb9f0-30a7-47a5-ad97-781265887063/download/song-sui.xlsx
Tài nguyên và môi trường,Danh sách điểm xả thải,XLSX,https://opendata.thanhhoa.gov.vn/dataset/93374e27-1ab1-4499-84cc-e3e16d14e258/resource/f67b7cf6-b22b-4757-a520-0c52eb17ce39/download/x-thi.xlsx
Tài nguyên và môi trường,Thông tin trạm khảo sát trầm tích,XLSX,https://opendata.thanhhoa.gov.vn/dataset/c7de4308-6166-4fac-81eb-b0e5ed15793b/resource/ab018c04-0961-4e59-ad1e-4dfc61e81577/download/trm-tich.xlsx
Xây dựng,Cấp chứng chỉ năng lực hoạt động xây dựng và chứng chỉ hành nghề hoạt động xây dựng,PDF,https://opendata.thanhhoa.gov.vn/dataset/36f8b258-e0a3-46ff-8445-0ce92b4b916f/resource/9b5025c7-0373-4e8c-83ea-aebae47fa5db/download/quyt-nh-cp-ccnl-21-9-2022.pdf
Xây dựng,Cấp chứng chỉ năng lực hoạt động xây dựng và chứng chỉ hành nghề hoạt động xây dựng,PDF,https://opendata.thanhhoa.gov.vn/dataset/36f8b258-e0a3-46ff-8445-0ce92b4b916f/resource/1acdee90-9eba-445e-b299-f8409013e36d/download/quyt-nh-cp-ccnl-14-9-2022.pdf
Giao thông vận tải,"Kế hoạch đào tạo, sát hạch cấp GPLX tháng 12 năm 2022",PDF,https://opendata.thanhhoa.gov.vn/dataset/eee15fc7-291c-4537-a75c-e6b0bc8a7246/resource/ea336e1e-4b46-4d51-89e3-137996a55674/download/ke-hoach-dao-tao-sat-hach-cap-gplx-thang-12-nam-202221_11_2022_15h28p55_signed.pdf
Kinh tế,Cân đối ngân sách địa phương quý 1 năm 2019,XLS,https://opendata.thanhhoa.gov.vn/dataset/4709a73f-d63d-4639-9ca8-6440adde2da8/resource/d5239541-48cc-4149-9bc9-c56e32928f38/download/can-i-ngan-sach-a-phng-quy-1-nm-2019.xls
Kinh tế,Cân đối ngân sách địa phương quý 1 năm 2021,XLS,https://opendata.thanhhoa.gov.vn/dataset/1f92171f-bf41-47cf-883e-0d50b8dad781/resource/4c8c5ac9-01c3-487e-8fae-e58f8d62c90b/download/can-i-ngan-sach-a-phng-quy-1-nm-2021.xls
Kinh tế,Cân đối ngân sách địa phương quý 1 năm 2020,XLS,https://opendata.thanhhoa.gov.vn/dataset/fcf47a0c-a371-4366-9e65-bdac51231c84/resource/f51633c2-dbe6-4e0f-9f87-9ec539a904f1/download/can-i-ngan-sach-a-phng-quy-1-nm-2020.xls
Kinh tế,Ước thực hiện chi ngân sách nhà nước quý 1 năm 2021,XLS,https://opendata.thanhhoa.gov.vn/dataset/be66c933-ba73-45f0-b985-39008562e932/resource/be4a7138-fec8-4232-8196-c015a3126b45/download/c-thc-hin-chi-ngan-sach-nha-nc-quy-1-nm-2021.xls
Kinh tế,Ước thực hiện thu ngân sách nhà nước quý 1 năm 2018,XLS,https://opendata.thanhhoa.gov.vn/dataset/799ce029-01b6-49f2-94dd-6f1e688ddd36/resource/0cdd3aa2-768e-43e8-934a-c6aa2e16981f/download/c-thc-hin-thu-ngan-sach-nha-nc-quy-1-nm-2018.xls
Kinh tế,Ước thực hiện thu ngân sách nhà nước quý 1 năm 2019,XLS,https://opendata.thanhhoa.gov.vn/dataset/c5e79e3b-f30e-4ecf-8785-0b65b7df7c2a/resource/242dccd1-5e7e-49a3-aea9-667d51537dcf/download/c-thc-hin-thu-ngan-sach-nha-nc-quy-1-nm-2019.xls
Kinh tế,Ước thực hiện chi ngân sách nhà nước quý 1 năm 2019,XLS,https://opendata.thanhhoa.gov.vn/dataset/60610568-f6a5-47ac-a530-0dc1e6f3b46b/resource/c77084df-da31-46c4-8d90-361172993702/download/c-thc-hin-chi-ngan-sach-nha-nc-quy-1-nm-2019.xls
Kinh tế,Ước thực hiện chi ngân sách nhà nước quý 3 năm 2019,XLS,https://opendata.thanhhoa.gov.vn/dataset/64f4442b-1205-479b-b8eb-26adec284741/resource/c13fb7e6-997e-4885-b950-7bc457ad879e/download/c-thc-hin-chi-ngan-sach-nha-nc-quy-3-nm-2019.xls
Kinh tế,Ước thực hiện chi ngân sách nhà nước quý 1 năm 2020,XLS,https://opendata.thanhhoa.gov.vn/dataset/4ef43560-9bbb-47b5-aa96-f8602d71ab26/resource/57a7bda7-a40e-4e90-98c4-477409b37921/download/c-thc-hin-chi-ngan-sach-nha-nc-quy-1-nm-2020.xls
Kinh tế,ƯỚC THỰC HIỆN THU NGÂN SÁCH NHÀ NƯỚC 3 THÁNG NĂM 2021,XLS,https://opendata.thanhhoa.gov.vn/dataset/7a67f82f-a60e-490b-a40a-c5ca30574730/resource/c427bc42-44fe-4bad-974b-47b9b1708c08/download/c-thc-hin-thu-ngan-sach-nha-nc-3-thang-nm-2021.xls
Kinh tế,Cân đối ngân sách địa phương quý 3 năm 2019,XLS,https://opendata.thanhhoa.gov.vn/dataset/e4c12352-d077-4ede-9d4e-010d00c704d7/resource/1afa007c-febd-4573-b30b-3a3a139ef5e5/download/can-i-ngan-sach-a-phng-quy-3-nm-2019.xls
Kinh tế,Ước thực hiện thu ngân sách nhà nước quý 1 năm 2020,XLS,https://opendata.thanhhoa.gov.vn/dataset/f314d8e8-64dd-4c86-8c36-b4b293230f9d/resource/0e972cef-71c1-4305-ae2b-546cf34e2cf3/download/c-thc-hin-thu-ngan-sach-nha-nc-quy-1-nm-2020.xls
Kinh tế,Ước thực hiện thu ngân sách nhà nước quý 1 năm 2020,CSV,/datastore/dump/0e972cef-71c1-4305-ae2b-546cf34e2cf3?bom=True
Kinh tế,Ước thực hiện thu ngân sách nhà nước quý 1 năm 2020,JSON,/datastore/dump/0e972cef-71c1-4305-ae2b-546cf34e2cf3?format=json
Kinh tế,Ước thực hiện thu ngân sách nhà nước quý 1 năm 2020,XML,/datastore/dump/0e972cef-71c1-4305-ae2b-546cf34e2cf3?format=xml
Nông Nghiệp,"Dữ liệu kiểm kê, tra cứu nguồn nước trong hệ thống hồ chứa thủy lợi lớn",PDF,https://opendata.thanhhoa.gov.vn/dataset/ae2bafcd-ca69-4a23-9ea8-541dd225324d/resource/8fad86c8-1596-4163-9436-5bf6748370ea/download/du-lieu-kiem-ke-tra-cuu-nguon-nuoc.pdf
Kinh tế,"Cân đối nguồn thu, chi dự toán ngân sách cấp tỉnh và ngân sách huyện năm 2019",XLSX,https://opendata.thanhhoa.gov.vn/dataset/729e3029-ddb6-4b51-ac85-b6424ddc1dcb/resource/b86d0a63-e147-4d4d-ab06-b16d12e6976b/download/can-i-ngun-thu-chi-d-toan-ngan-sach-cp-tnh-va-ngan-sach-huyn-nm-2019.xlsx
Nông Nghiệp,Dữ liệu hạn ngạch Giấy phép khai thác thủy sản tại vùng ven bờ và vùng lộng,XLSX,https://opendata.thanhhoa.gov.vn/dataset/ce79f06e-bc49-4777-b6e3-40e85595f43e/resource/6a02b91a-1168-494c-8256-cba48418d6cd/download/d-liu-hn-ngch-gpkt-thy-sn.xlsx
Nông Nghiệp,Dữ liệu Cơ sở đủ điều kiện ATTP nông lâm thủy sản,PDF,https://opendata.thanhhoa.gov.vn/dataset/9ab0dd41-d952-4566-8d0a-1fd56aa0cc73/resource/d06f55d0-bfa7-43de-bda9-2199fd10a4b0/download/c-s-iu-kin-attp.pdf
Nông Nghiệp,Dữ liệu Bản Tự công bố sản phẩm của các cơ sở sản xuất thực phẩm nông lâm thủy sản,PDF,https://opendata.thanhhoa.gov.vn/dataset/099d0891-56f3-44ca-9f1f-7fa1590414b1/resource/48838d58-b3a3-4ac8-b2ce-0467fd981f3a/download/bn-t-cong-sn-phm-ca-cac-cssx-tp.pdf
Nông Nghiệp,Danh sách các cơ sở được cấp Giấy chứng nhận an toàn dịch bệnh,XLS,https://opendata.thanhhoa.gov.vn/dataset/08be2250-780f-4757-893d-fbd7dfd654b9/resource/ee872686-a00d-4678-ad19-ee245709b077/download/danh-sach-cp-giy-c-s-atdb.xls
